id,conversation_id,created_at,date,time,timezone,user_id,username,name,place,tweet,language,mentions,urls,photos,replies_count,retweets_count,likes_count,hashtags,cashtags,link,retweet,quote_url,video,thumbnail,near,geo,source,user_rt_id,user_rt,retweet_id,reply_to,retweet_date,translate,trans_src,trans_dest
1493897221531586568,1493897221531586568,2022-02-16 16:07:07 India Standard Time,2022-02-16,16:07:07,+0530,2478713742,gulrose_views,ØºÙˆÙ„Ø±Ø² Ø´Ø®,,Just for the sake of arguing Judga sahab is comparing a girl who wears hijab with her own will to a girl and calling her ugliness. Just for the sake of Islamophobia. This is the society.,en,[],[],[],0,0,0,[],[],https://twitter.com/GulRose_views/status/1493897221531586568,False,https://twitter.com/LiveLawIndia/status/1493894445917347840,0,,,,,,,,[],,,,
1493896682308014082,1493896671667048448,2022-02-16 16:04:58 India Standard Time,2022-02-16,16:04:58,+0530,1493809339777175553,hudajustice,#Justice for Huda,,"We must NOT keep letting this happen any longer. The school is NOT showing any support to the Muslim girls. Otago Girls' High School principal, Bridget Davidson,decided to not comment on the Islamophobia, violent behaviours, threats, bullying, discrimination, and the racism the",en,[],[],[],1,0,0,[],[],https://twitter.com/HudaJustice/status/1493896682308014082,False,,0,,,,,,,,[],,,,
1493896625181188096,1493860201325527040,2022-02-16 16:04:45 India Standard Time,2022-02-16,16:04:45,+0530,1473283105343430656,abuzaid55414092,Abuzaid,,"@vijeth_kk @LiveLawIndia It mentions Hijab but no other religious symbol frequently used in schools or daily life, u could see it if u are not blinded by Islamophobia...",en,[],[],[],0,0,0,[],[],https://twitter.com/Abuzaid55414092/status/1493896625181188096,False,,0,,,,,,,,"[{'screen_name': 'vijeth_kk', 'name': 'Vijeth Kumar', 'id': '2459968897'}, {'screen_name': 'LiveLawIndia', 'name': 'Live Law', 'id': '1255161552'}]",,,,
1493896320175820800,1493896320175820800,2022-02-16 16:03:32 India Standard Time,2022-02-16,16:03:32,+0530,2810046137,maria_2_cartena,Maria,,Well France is more and more described as it is: a racist country which has institutionnalized islamophobia! #Islamophobia #France   https://t.co/DuAr8ITGXJ,en,[],['https://www.nytimes.com/2022/02/15/world/europe/france-elections-pecresse-great-replacement.html'],[],0,1,1,"['islamophobia', 'france']",[],https://twitter.com/Maria_2_Cartena/status/1493896320175820800,False,,0,,,,,,,,[],,,,
1493896251242258432,1493896251242258432,2022-02-16 16:03:16 India Standard Time,2022-02-16,16:03:16,+0530,177441861,viarofka,Kazuyuki Yabuki,,Whatâ€™s behind the dispute about headscarves in Indian schools?  ã€ãƒ‡ã‚£ã‚¹ã‚«ãƒƒã‚·ãƒ§ãƒ³ã€‘ã‚¤ãƒ³ãƒ‰ãƒ»å­¦æ ¡ã§ã®ã‚¹ã‚«ãƒ¼ãƒ•ç€ç”¨ã§ãƒ’ãƒ³ã‚ºãƒ¼è‡³ä¸Šä¸»ç¾©è€…ã‹ã‚‰ã®æŠ—è­°ã‚’å—ã‘ã‚‹ãƒ ã‚¹ãƒªãƒ ã®å¥³å­ç”Ÿå¾’ãŸã¡   https://t.co/QBQSqG2sAw #India #HinduNationalism #Headscarf #Headscarves #Islamophobia,ja,[],['https://www.aljazeera.com/program/inside-story/2022/2/10/whats-behind-the-dispute-about-headscarves-in-indian-schools'],[],0,0,0,"['india', 'hindunationalism', 'headscarf', 'headscarves', 'islamophobia']",[],https://twitter.com/Viarofka/status/1493896251242258432,False,,0,,,,,,,,[],,,,
1493895873314627586,1493895873314627586,2022-02-16 16:01:46 India Standard Time,2022-02-16,16:01:46,+0530,76948156,raioxford,Rothermere American Institute,,Many thanks to those who joined us in person and virtually last night for the Winant Lecture!   @NazitaLajevardi delivered a brilliant lecture on The Politics of American Islamophobia.  https://t.co/DDaCVzF5kG,en,"[{'screen_name': 'nazitalajevardi', 'name': 'nazita lajevardi', 'id': '1080878138513477632'}]",[],['https://pbs.twimg.com/media/FLth2EZXIAIYKrg.jpg'],0,0,0,[],[],https://twitter.com/RAIOxford/status/1493895873314627586,False,,1,https://pbs.twimg.com/media/FLth2EZXIAIYKrg.jpg,,,,,,,[],,,,
1493895568145276929,1493153084285018116,2022-02-16 16:00:33 India Standard Time,2022-02-16,16:00:33,+0530,1459146591063863297,hindushtanik,k.m hindushtani,,@007AliKaKa #Islamophobia_In_India,und,[],[],[],0,0,0,['islamophobia_in_india'],[],https://twitter.com/HindushtaniK/status/1493895568145276929,False,,0,,,,,,,,"[{'screen_name': '007AliKaKa', 'name': 'à¤•à¤¾à¤•à¤¾à¤µà¤¾à¤£à¥€ {5.0} Ú©Ø§Ú©Ø§ÙˆØ§Ù†ÛŒ', 'id': '1485509979054481413'}]",,,,
1493895430815432707,1493895430815432707,2022-02-16 16:00:00 India Standard Time,2022-02-16,16:00:00,+0530,2247560024,feminisminindia,Feminism in India,,"The new generation of #Muslim women have examples like Muskan, Aysha and Ladeeda to look up to, who are acutely aware of their Muslimness as an identity they assert with pride in a country rife with communal tensions. #HijabRow #Karnataka #Islamophobia    https://t.co/JBX6xyLuMh",en,[],['https://feminisminindia.com/2022/02/15/asserting-their-muslimness-more-than-ever-unrattled-by-islamophobia-coupled-with-misogyny/'],[],0,0,0,"['muslim', 'hijabrow', 'karnataka', 'islamophobia']",[],https://twitter.com/FeminismInIndia/status/1493895430815432707,False,,0,,,,,,,,[],,,,
1493895282203017217,1493895282203017217,2022-02-16 15:59:25 India Standard Time,2022-02-16,15:59:25,+0530,15699801,yvonneridley,Yvonne Ridley - #indyref2,,Girls banned from education because they wear #hijabs. Imagine the outcry in India if #Sikhs were also banned from wearing turbans. If this was #Afghanistan it would be headline news. #HijabRow #Islamophobia,en,[],[],[],2,8,16,"['hijabs', 'sikhs', 'afghanistan', 'hijabrow', 'islamophobia']",[],https://twitter.com/yvonneridley/status/1493895282203017217,False,https://twitter.com/muslimmirror/status/1493837617149841409,0,,,,,,,,[],,,,
1493895126472540161,1493895126472540161,2022-02-16 15:58:48 India Standard Time,2022-02-16,15:58:48,+0530,2478713742,gulrose_views,ØºÙˆÙ„Ø±Ø² Ø´Ø®,,Aise vague aur absurd statements se aap sirf dar sakte hai sur kuch nahi. Nahi bhi chaahti hai kayi baar. Aapka point hate speech aur islamophobia hona chaahiye. Jab samjh aayega sabko ke wo galat hai to ye sab kuch sense nahi bachega zyada.,hi,[],[],[],0,0,0,[],[],https://twitter.com/GulRose_views/status/1493895126472540161,False,https://twitter.com/news24tvchannel/status/1493893716888920067,0,,,,,,,,[],,,,
1493894956347531265,1493108382806462464,2022-02-16 15:58:07 India Standard Time,2022-02-16,15:58:07,+0530,2441687138,alisont7,Alison T,,"@adamsap69831275 @BernieTho1 @dcoutmsw @ainelivia @carolw @amnesty Not sure that happens, I have been to plenty of Muslim countries and have never come across this.  This is just the vile Islamophobia rampant amongst Israel supporters.",en,[],[],[],0,0,0,[],[],https://twitter.com/AlisonT7/status/1493894956347531265,False,,0,,,,,,,,"[{'screen_name': 'adamsap69831275', 'name': 'adams apple', 'id': '1403511474534993923'}, {'screen_name': 'BernieTho1', 'name': 'bernie tho', 'id': '1160959183224791041'}, {'screen_name': 'dcoutmsw', 'name': 'Daniel Cout', 'id': '2289763993'}, {'screen_name': 'ainelivia', 'name': 'carol ann lynch', 'id': '73085942'}, {'screen_name': 'carolw', 'name': 'Carol WaradyğŸ‡®ğŸ‡±', 'id': '8401332'}, {'screen_name': 'amnesty', 'name': 'Amnesty International', 'id': '18213483'}]",,,,
1493894712163401729,1490275216701808645,2022-02-16 15:57:09 India Standard Time,2022-02-16,15:57:09,+0530,4749829933,theprimalplot,Sahar Ghumkhor,,"First up, it's the best podcast I've heard in years, not because I learnt anything particular about Islamophobia but because no study, academic paper, confessional essay, has told the story of Islamophobia and its many faces.",en,[],[],[],1,0,2,[],[],https://twitter.com/theprimalplot/status/1493894712163401729,False,,0,,,,,,,,[],,,,
1493894526788050946,1493894526788050946,2022-02-16 15:56:25 India Standard Time,2022-02-16,15:56:25,+0530,1200290059,nuttsu_tdl,Nuttsu: ğŸ†”ï¸ à¸—à¸µà¹ˆà¹à¸­à¸šà¸«à¸™à¸µà¹„à¸›à¹à¸‹à¹ˆà¸šà¸«à¸™à¸¸à¹ˆà¸¡à¸à¸µà¹ˆà¸›à¸¸à¹ˆà¸™ğŸ˜…,,à¹ƒà¸™à¸à¸£à¸¸à¹Šà¸›à¹„à¸¥à¸™à¹Œà¸Šà¸¡à¸£à¸¡à¸„à¸£à¸¹à¸£à¸°à¸”à¸±à¸šà¸­à¸³à¹€à¸ à¸­ à¸¡à¸µ à¸œà¸­. à¸—à¸µà¹ˆà¹€à¸›à¹‡à¸™ islamophobia à¸­à¸¢à¸¹à¹ˆà¹à¸«à¸¥à¸°,th,[],[],[],1,0,0,[],[],https://twitter.com/nuttsu_tdl/status/1493894526788050946,False,,0,,,,,,,,[],,,,
1493893498222759936,1493893498222759936,2022-02-16 15:52:19 India Standard Time,2022-02-16,15:52:19,+0530,1493279850,iamsammi43,Salam Sammi,,There are some Kannada Journalist acting like a terrorist. In the name of Journalism they are doing terrorism. #HijabIsFundamentalRight #RwandaKannadaMedia  #Islamophobia  #MediaTerrorism  https://t.co/Mq7O2UftHC,en,[],[],['https://pbs.twimg.com/media/FLtgN_cakAIWgEU.jpg'],0,0,2,"['hijabisfundamentalright', 'rwandakannadamedia', 'islamophobia', 'mediaterrorism']",[],https://twitter.com/IamSammi43/status/1493893498222759936,False,,1,https://pbs.twimg.com/media/FLtgN_cakAIWgEU.jpg,,,,,,,[],,,,
1493893257646206976,1493876512646434817,2022-02-16 15:51:22 India Standard Time,2022-02-16,15:51:22,+0530,3152175397,casca1987,Casca,,"@alomshaha Didnâ€™t realize this until I was listening to the Trojan Horse Affair podcast yesterday, and someone said the Humanist Society in UK has quite the reputation for peddling Islamophobia cloaked in pseudo-intellectual arguments.",en,[],[],[],0,0,1,[],[],https://twitter.com/casca1987/status/1493893257646206976,False,,0,,,,,,,,"[{'screen_name': 'alomshaha', 'name': 'Alom Shaha', 'id': '92733167'}]",,,,
1493893127270449154,1493893127270449154,2022-02-16 15:50:51 India Standard Time,2022-02-16,15:50:51,+0530,2787426350,rajexpressnews,Raj Express,,à¤®à¤§à¥à¤¯à¤ªà¥à¤°à¤¦à¥‡à¤¶ à¤®à¥‡à¤‚ à¤…à¤œà¤¾à¤¨ à¤µà¤¿à¤µà¤¾à¤¦ : à¤à¤®à¤ªà¥€ à¤•à¥‡ à¤•à¤ˆ à¤œà¤¿à¤²à¥‹à¤‚ à¤®à¥‡à¤‚ à¤®à¤¸à¥à¤œà¤¿à¤¦à¥‹à¤‚ à¤®à¥‡à¤‚ à¤²à¤¾à¤‰à¤¡à¤¸à¥à¤ªà¥€à¤•à¤° à¤¸à¥‡ à¤…à¤œà¤¾à¤¨ à¤¹à¥‹à¤¨à¥‡ à¤ªà¤° à¤¹à¤¿à¤‚à¤¦à¥‚ à¤¸à¤‚à¤—à¤ à¤¨ à¤¨à¥‡ à¤œà¤¤à¤¾à¤ˆ à¤†à¤ªà¤¤à¥à¤¤à¤¿ à¤”à¤° à¤²à¤¾à¤‰à¤¡à¤¸à¥à¤ªà¥€à¤•à¤° à¤ªà¤° à¤°à¥‹à¤• à¤²à¤—à¤¾à¤¨à¥‡ à¤•à¥€ à¤®à¤¾à¤‚à¤— à¤•à¥€ à¤¹à¥ˆà¥¤ #Azan #Hindutva #Islamophobia #MadhyaPradesh @ChouhanShivraj @drnarottammisra @arifmasoodbpl   https://t.co/BhZMCWjlhn,hi,"[{'screen_name': 'chouhanshivraj', 'name': 'shivraj singh chouhan', 'id': '1251083774'}, {'screen_name': 'drnarottammisra', 'name': 'dr narottam mishra', 'id': '779892669250101248'}, {'screen_name': 'arifmasoodbpl', 'name': 'arif masood', 'id': '1312900412'}]",['https://www.rajexpress.co/india/central-india/madhya-pradesh/ajan-controversy-in-mp-hindu-organization-objected-to-loudspeakers-in-mosques'],[],0,0,0,"['azan', 'hindutva', 'islamophobia', 'madhyapradesh']",[],https://twitter.com/RajExpressNews/status/1493893127270449154,False,,0,,,,,,,,[],,,,
1493892912718909443,1493892912718909443,2022-02-16 15:50:00 India Standard Time,2022-02-16,15:50:00,+0530,3198935319,wudosolutions,WuDo Solutions,,"#MidweekListen ğŸ§ The team at @serial turn their sights on the 'Trojan Horse' scandal that rocked the UK in 2013, allegations which though never proven had devastating consequences for members of the Muslim community. #trojanhorseaffair  #Islamophobia   https://t.co/hWQcGqy35i",en,"[{'screen_name': 'serial', 'name': 'serial', 'id': '2319108198'}]",['https://www.thisamericanlife.org/761/the-trojan-horse-affair'],[],0,0,0,"['midweeklisten', 'trojanhorseaffair', 'islamophobia']",[],https://twitter.com/WuDoSolutions/status/1493892912718909443,False,,0,,,,,,,,[],,,,
1493892136630210563,1493829660270264321,2022-02-16 15:46:55 India Standard Time,2022-02-16,15:46:55,+0530,1348827274217365505,okiwaseng,Waseng_oki,,@machbeach @budimandjatmiko Isu PKI dan Islamophobia sesuatu yg absurd yg dianggap nyata oleh org2 halu yg kontra pemerintah. ğŸ˜…,in,[],[],[],1,0,0,[],[],https://twitter.com/OkiWaseng/status/1493892136630210563,False,,0,,,,,,,,"[{'screen_name': 'machbeach', 'name': 'mach', 'id': '377100794'}, {'screen_name': 'budimandjatmiko', 'name': 'Budiman Sudjatmiko (IG: masbud_sudjatmiko)', 'id': '183217247'}]",,,,
1493891423942295553,1493885541607419904,2022-02-16 15:44:05 India Standard Time,2022-02-16,15:44:05,+0530,1231104580869472256,indonesiabagus7,ğ•´ğ–“ğ–‰ğ–”ğ–“ğ–Šğ–˜ğ–ğ–† ğ•­ğ–†ğ–Œğ–šğ–˜ ğŸ‡®ğŸ‡©,,"@Bams_1eng @RonaldLampard8 Kelompok ekstrim radikal ini berusaha mengambil alih kekuasaan dgn cara menimbulkan kesan bhw pemerintah sekarang sbg rezim yg membenci ulama, islamophobia, menindas umat Islam, dsb. Utk itu Bahar cs sengaja menantang dan melanggar hukum agar ditangkap.",in,[],[],[],1,0,1,[],[],https://twitter.com/indonesiabagus7/status/1493891423942295553,False,,0,,,,,,,,"[{'screen_name': 'Bams_1eng', 'name': 'Â®Bams_Soemantri ğŸ‡®ğŸ‡©', 'id': '1061188894606090242'}, {'screen_name': 'RonaldLampard8', 'name': 'â„±ğ“¡Ãƒâ„•ğ“š', 'id': '2384696084'}]",,,,
1493890738974720002,1493890738974720002,2022-02-16 15:41:21 India Standard Time,2022-02-16,15:41:21,+0530,1093017537606955008,dagelaned,Dagelane Dunyo ( Ø¥ÙƒÙ…Ø§Ù„ Ø§Ù„Ù…Ø¬Ù†ÙˆÙ† ),,Para pembenci pemerintahan sekarang. Gemar sekali melempar isue 'islamophobia' pada lawan (kelompok pro pemerintah). Sebenarnya apa benar ada?  Tidak! Islamophobia hanya makhluk ciptaan sekelompok kecil muslim yang sok paling tahu islam. Alih-alih menciptakan isue anti islam,in,[],[],[],1,0,1,[],[],https://twitter.com/DagelaneD/status/1493890738974720002,False,,0,,,,,,,,[],,,,
1493890685115965442,1493889186973483009,2022-02-16 15:41:09 India Standard Time,2022-02-16,15:41:09,+0530,1323982762076823553,marthaaprilia20,MarthaAprilia20,,@Rossali24295306 TIDAK ADA TAKUTNYA! Rocky Gerung Sebut Islamophobia Disponsori Presiden dan Parpolnya...  #PDIPBiangKerokPerusak  #PDIPBiangKerokPerusak    https://t.co/BIVtP4jShd,in,[],['http://babe.topbuzz.com/article/i7065183237081039362?app_id=1124&gid=7065183237081039362&impr_id=7065242205794896130&language=id&region=id&share_desc_type=two&user_id=7061482127615132674'],[],0,8,7,"['pdipbiangkerokperusak', 'pdipbiangkerokperusak']",[],https://twitter.com/MarthaAprilia20/status/1493890685115965442,False,,0,,,,,,,,"[{'screen_name': 'Rossali24295306', 'name': 'Rossaline New', 'id': '1335257047160377346'}]",,,,
1493890038387847168,1493890038387847168,2022-02-16 15:38:34 India Standard Time,2022-02-16,15:38:34,+0530,2553884263,galamedianews,galamedianews.com,,Budiman Sudjatmiko Sebut Nalar Rocky Gerung Rusak Buntut Omongan 'Jokowi dan PDIP Sponsori Islamophobia'  https://t.co/jfMxnYvkDB,in,[],['https://galamedia.pikiran-rakyat.com/news/pr-353753864/budiman-sudjatmiko-sebut-nalar-rocky-gerung-rusak-buntut-omongan-jokowi-dan-pdip-sponsori-islamophobia'],[],0,0,0,[],[],https://twitter.com/galamedianews/status/1493890038387847168,False,,0,,,,,,,,[],,,,
1493889898411036673,1493889898411036673,2022-02-16 15:38:01 India Standard Time,2022-02-16,15:38:01,+0530,1477247518044037127,homosap20246529,Homo Sapiens,,"Tere behaviuor, naam aur Kaam se hi Darr lagta hai.  Fir bolna nahi aur rona nahi Islamophobia ko leke. Hindustan mein jo chal raha hai woh hai Islamofascism",hi,[],[],[],0,0,0,[],[],https://twitter.com/HomoSap20246529/status/1493889898411036673,False,https://twitter.com/Danish2983/status/1493819436700037121,0,,,,,,,,[],,,,
1493889472685277186,1493509554545389570,2022-02-16 15:36:20 India Standard Time,2022-02-16,15:36:20,+0530,1482138674020388864,saqibmukadam80,Saqib Mukadam,,"@AsYouNotWish Aree Madam aap kyun aagayi waapas ? Kuch dino se Twitter clean lag raha tha, Aap waapas gayi ganda karne. Islamophobia failaane",hi,[],[],[],0,0,0,[],[],https://twitter.com/saqibmukadam80/status/1493889472685277186,False,,0,,,,,,,,"[{'screen_name': 'AsYouNotWish', 'name': 'Sonam Mahajan', 'id': '342034927'}]",,,,
1493888997269327875,1489210425480982528,2022-02-16 15:34:26 India Standard Time,2022-02-16,15:34:26,+0530,1394586885247303682,beningjiwa2,Bening Jiwa,,@EdiMahaMG @ferri_arief Jaringan Islamophobia terus menebar narasi yang melukai ummat Islam. Ga takut siksa neraka ya?,in,[],[],[],0,0,0,[],[],https://twitter.com/BeningJiwa2/status/1493888997269327875,False,,0,,,,,,,,"[{'screen_name': 'EdiMahaMG', 'name': 'Bang Edi orang baik', 'id': '1214324845636308992'}, {'screen_name': 'ferri_arief', 'name': 'ferri arief', 'id': '1440897957893603328'}]",,,,
1493888553649983491,1493888553649983491,2022-02-16 15:32:40 India Standard Time,2022-02-16,15:32:40,+0530,867910567150989312,smhoosayn,à²¤à³à²°à³à²•à²¾_Sifaal-e-Hind,,I knew that @IskconInc stands for International Society for Krishna Consciousness BUT the timeline of this spokesperson of @india_iskcon is filled with #Hatred #bigotry wondering if @iskcon now specializes in spreading #Islamophobia instead of Sri Krishna's msg?  @UNHumanRights,en,"[{'screen_name': 'iskconinc', 'name': 'iskcon,inc.', 'id': '872814936979759106'}, {'screen_name': 'india_iskcon', 'name': 'iskcon india', 'id': '1214015429871423488'}, {'screen_name': 'iskcon', 'name': 'iskcon', 'id': '3034497157'}, {'screen_name': 'unhumanrights', 'name': 'un human rights', 'id': '69231187'}]",[],[],0,0,0,"['hatred', 'bigotry', 'islamophobia']",[],https://twitter.com/SMHoosayn/status/1493888553649983491,False,https://twitter.com/RadharamnDas/status/1492809385906638852,0,,,,,,,,[],,,,
1493888533391495169,1493888533391495169,2022-02-16 15:32:36 India Standard Time,2022-02-16,15:32:36,+0530,731010885204873216,radamuhucom,radamuhu.com,,"Rocky Gerung Sentil Jokowi dan PDIP soal Islamophobia, Ruhut Sitompul: Beginilah Orang Dungu Berkomentar @ruhutsitompul @rockygerung_rg   https://t.co/q24sUu3d1p",in,"[{'screen_name': 'ruhutsitompul', 'name': 'ruhut sitompul', 'id': '219244515'}, {'screen_name': 'rockygerung_rg', 'name': 'r gerung', 'id': '1058697273809326080'}]",['https://radamuhu.com/2022/02/16/rocky-gerung-sentil-jokowi-dan-pdip-soal-islamophobia-ruhut-sitompul-beginilah-orang-dungu-berkomentar/'],[],0,0,0,[],[],https://twitter.com/radamuhucom/status/1493888533391495169,False,,0,,,,,,,,[],,,,
1493888314985926664,1493888314985926664,2022-02-16 15:31:44 India Standard Time,2022-02-16,15:31:44,+0530,712392983501545472,talbaalawy,Baalawy,,#India #France #Islamophobia #Tolerance  https://t.co/VTkttRQjGx,und,[],[],['https://pbs.twimg.com/media/FLtbgOlXIAQ3ibN.jpg'],0,0,2,"['india', 'france', 'islamophobia', 'tolerance']",[],https://twitter.com/TalBaalawy/status/1493888314985926664,False,,1,https://pbs.twimg.com/media/FLtbgOlXIAQ3ibN.jpg,,,,,,,[],,,,
1493888263773655040,1493829660270264321,2022-02-16 15:31:31 India Standard Time,2022-02-16,15:31:31,+0530,4810064454,dimas_skeptis,Dimas - Kritik Itu Baik,,@budimandjatmiko Provokasi kaum radikalis dari dulu ya begini ini  Yg melawan mereka dituding sebagai Islamophobia  Padahal kaum radikalis (pengasong khilafah dan pendukung terorisme) inilah justru yg merusak nama baik Islam,in,[],[],[],0,0,0,[],[],https://twitter.com/dimas_skeptis/status/1493888263773655040,False,,0,,,,,,,,"[{'screen_name': 'budimandjatmiko', 'name': 'Budiman Sudjatmiko (IG: masbud_sudjatmiko)', 'id': '183217247'}]",,,,
1493887840744194049,1493547985854025729,2022-02-16 15:29:50 India Standard Time,2022-02-16,15:29:50,+0530,1459384594478764039,virusguruji,Virus,,"@TanushreePande @juneymb Stop Apartheid , and Islamophobia ...",de,[],[],[],0,0,0,[],[],https://twitter.com/VirusGuruJi/status/1493887840744194049,False,,0,,,,,,,,"[{'screen_name': 'TanushreePande', 'name': 'Tanushree Pandey', 'id': '2559281330'}, {'screen_name': 'juneymb', 'name': 'Ø¬ÙÙ†ÛŒ Ø¨Ú¾Ø¦ÛŒØ§', 'id': '79155847'}]",,,,
1493887822482518018,1493887822482518018,2022-02-16 15:29:46 India Standard Time,2022-02-16,15:29:46,+0530,185360709,centristrambler,(((Centrist Feminist))),,"I rant about the woke but, Iâ€™m not against the basic professed ideals of woke: anti-sexism/racism/Islamophobia/classism/oppression - nothing bad about that! Itâ€™s the delusional extremism (â€œwater is racist!â€), the disingenuous showiness &amp; attention seeking, /1",en,[],[],[],1,0,1,[],[],https://twitter.com/CentristRambler/status/1493887822482518018,False,,0,,,,,,,,[],,,,
1493887709579939844,1493887709579939844,2022-02-16 15:29:19 India Standard Time,2022-02-16,15:29:19,+0530,1230127274575441920,hashim_misbahi,Hashim Raza Misbahi,,"#KarnatakaHC! à¤†à¤ªà¤•à¤¾ à¤¯à¤¹ à¤†à¤°à¥à¤¡à¤° à¤¯à¤¾à¤¦ à¤°à¤–à¤¾ à¤œà¤¾à¤à¤—à¤¾à¥¤ à¤‡à¤¸à¥€ à¤•à¥€ à¤µà¤œà¤¹ à¤¸à¥‡ à¤¸à¤‚à¤˜à¥€ à¤®à¤¾à¤¨à¤¸à¤¿à¤•à¤¤à¤¾ à¤µà¤¾à¤²à¥‹à¤‚ à¤•à¥‹, à¤®à¥à¤¸à¥à¤²à¤¿à¤® à¤®à¤¹à¤¿à¤²à¤¾à¤“à¤‚ à¤•à¥‡ à¤–à¤¿à¤²à¤¾à¤« à¤…à¤ªà¤¨à¥€ à¤¨à¤«à¤°à¤¤ à¤•à¥€ à¤­à¤¡à¤¼à¤¾à¤¸ à¤¨à¤¿à¤•à¤¾à¤²à¤¨à¥‡ à¤•à¤¾ à¤ªà¥‚à¤°à¤¾ à¤ªà¥‚à¤°à¤¾ à¤®à¥Œà¤•à¤¾ à¤®à¤¿à¤² à¤°à¤¹à¤¾ à¤¹à¥ˆà¥¤  #AntiHijabRow #HijabIsObligatory #Islamophobia_In_India @ShamimRizvi15",hi,"[{'screen_name': 'shamimrizvi15', 'name': 'shamim akhtar misbahi', 'id': '1347210313473552385'}]",[],[],0,0,1,"['karnatakahc', 'antihijabrow', 'hijabisobligatory', 'islamophobia_in_india']",[],https://twitter.com/hashim_misbahi/status/1493887709579939844,False,,0,,,,,,,,[],,,,
1493887658082242561,1493829660270264321,2022-02-16 15:29:07 India Standard Time,2022-02-16,15:29:07,+0530,3316891962,yunuslele,Yunus pecel lele,,@budimandjatmiko kalau gerung bicara islamopobia. Berarti narasi islamophobia sengaja digunakan kelompok mereka untuk membuat gaduh negara ini dgn dana dari amerika,in,[],[],[],0,0,0,[],[],https://twitter.com/YunusLele/status/1493887658082242561,False,,0,,,,,,,,"[{'screen_name': 'budimandjatmiko', 'name': 'Budiman Sudjatmiko (IG: masbud_sudjatmiko)', 'id': '183217247'}]",,,,
1493887464565526536,1493887464565526536,2022-02-16 15:28:21 India Standard Time,2022-02-16,15:28:21,+0530,715519327294898176,hlghkay,LH 100,,wasnâ€™t this one complaining about how she was a victim of islamophobia recently ğŸ˜‚,en,[],[],[],1,0,0,[],[],https://twitter.com/HlGHKAY/status/1493887464565526536,False,https://twitter.com/nus_ghani/status/1493538044129034240,0,,,,,,,,[],,,,
1493887386228609033,1493887386228609033,2022-02-16 15:28:02 India Standard Time,2022-02-16,15:28:02,+0530,250442077,ychilmeran,Dr Yasmin Chilmeran,,"I'm 3 episodes in and addicted - this is such a good podcast so far! Brilliantly told/hosted, funny at times, but also carefully and insightfully uncovering the functions of Islamophobia in the UK",en,[],[],[],2,0,3,[],[],https://twitter.com/YChilmeran/status/1493887386228609033,False,https://twitter.com/serial/status/1489056043401236481,0,,,,,,,,[],,,,
1493887263872143361,1493887263872143361,2022-02-16 15:27:33 India Standard Time,2022-02-16,15:27:33,+0530,1130332872211017729,rosa_with_luv,rosaâ· ğŸ’—,,This is so disgusting to seeâ€¦ and adding injury to insult is that statement from the principle of Otago Girls talking about â€œevery side of every story.â€ What a cop out!! Call it as it is: Islamophobia. I hope the girl affected has good support around her now ğŸ’“,en,[],[],[],0,0,1,[],[],https://twitter.com/rosa_with_luv/status/1493887263872143361,False,https://twitter.com/_halansr/status/1493705014694772736,0,,,,,,,,[],,,,
1493887164672876545,1493887164672876545,2022-02-16 15:27:09 India Standard Time,2022-02-16,15:27:09,+0530,2267451999,sigurdureksiggi,SigurÃ°ur B Hjartar,,Iranian state-run news agency says Noam Chomsky decries 'Islamophobia' in India in interview with US Muslim group  https://t.co/2fEmd8tNtN,en,[],['https://www.jihadwatch.org/2022/02/iranian-state-run-news-agency-says-noam-chomsky-decries-islamophobia-in-india-in-interview-with-us-muslim-group%ef%bf%bc'],[],0,0,0,[],[],https://twitter.com/sigurdureksiggi/status/1493887164672876545,False,,0,,,,,,,,[],,,,
1493887063657222150,1493887063657222150,2022-02-16 15:26:45 India Standard Time,2022-02-16,15:26:45,+0530,1151521114784522240,andreazanardo8,"The ""relatively prosperous"" Rabbi A.",," https://t.co/ypXDng77RS Me: So you said that the Abraham Accords have changed nothing?  Yachmod, trying desperately talking about anything else: but .... but.... the Beduins,   but... but.. Islamophobia in the Jewish community,  but... but...  you're a a gangster, but.. but...",en,[],['https://www.bicom.org.uk/news/israel-and-bahrain-agree-joint-warm-peace-strategy/'],[],0,0,0,[],[],https://twitter.com/AndreaZanardo8/status/1493887063657222150,False,,0,,,,,,,,[],,,,
1493886976516591616,1493878946571571200,2022-02-16 15:26:24 India Standard Time,2022-02-16,15:26:24,+0530,1491065967115661319,ibnsiddik_,Ù…Ø¹Ø±Ø§Ø¬,,@TrueStriver_X Matter Islamophobia se uper ho gaya hai ğŸ¥²,hi,[],[],[],0,0,0,[],[],https://twitter.com/ibnsiddik_/status/1493886976516591616,False,,0,,,,,,,,"[{'screen_name': 'TrueStriver_X', 'name': 'ğŸMalcolm XğŸ', 'id': '1232435940196540417'}]",,,,
1493886948770942979,1493819437220503553,2022-02-16 15:26:18 India Standard Time,2022-02-16,15:26:18,+0530,1232668857699094529,ronintumaritis,FUBAR !,,"@veaadeeana @DivHumas_Polri Zikir ""Hasbunallah wani'mal wakiil .."" aja dianggap persiapan perang ?!! . Klo bukan sengaja didoktrin islamophobia, berati udah emang kebangetan Tolol itu ! ..",in,[],[],[],0,0,0,[],[],https://twitter.com/ronintumaritis/status/1493886948770942979,False,,0,,,,,,,,"[{'screen_name': 'veaadeeana', 'name': 'Belladivallisha', 'id': '1177998153389203456'}, {'screen_name': 'DivHumas_Polri', 'name': 'Divisi Humas Polri', 'id': '138290629'}]",,,,
1493886398801145862,1493829660270264321,2022-02-16 15:24:07 India Standard Time,2022-02-16,15:24:07,+0530,1223598985232834560,amuzaa2,ğŸ˜AMUZA2ğŸ˜,,@budimandjatmiko Islam mayoritas dan takut dengan Islamophobia?!..   Sesat pikir plus Halu ! Heh!,in,[],[],[],0,0,0,[],[],https://twitter.com/Amuzaa2/status/1493886398801145862,False,,0,,,,,,,,"[{'screen_name': 'budimandjatmiko', 'name': 'Budiman Sudjatmiko (IG: masbud_sudjatmiko)', 'id': '183217247'}]",,,,
1493886359853019138,1493886359853019138,2022-02-16 15:23:57 India Standard Time,2022-02-16,15:23:57,+0530,957599336191406080,luqmankhan555,Luqman Khan Power concedes nothing without Demand,,Islamophobia in Britain has got worse because  @UKLabour party helped organised groups to attack everything to do with Muslims human rights. #Erdington  #Birmingham  #Labourdoorstep  https://t.co/KPPSyVK78q,en,"[{'screen_name': 'uklabour', 'name': 'the labour party', 'id': '14291684'}]",['https://twitter.com/luqmankhan555/status/1493885939596333064'],[],0,0,0,"['erdington', 'birmingham', 'labourdoorstep']",[],https://twitter.com/luqmankhan555/status/1493886359853019138,False,https://twitter.com/luqmankhan555/status/1493885939596333064,0,,,,,,,,[],,,,
1493886353205268480,1493886353205268480,2022-02-16 15:23:56 India Standard Time,2022-02-16,15:23:56,+0530,1486323431142731779,justgauravv,Gaurav Singh,,HINDU RIGHT WING SHOULD BE ASHAMED OF THEMSELVES THAT THEY'RE OPPOSING THIS LIBERAL AND PROGRESSIVE STEP. #Islamophobia,en,[],[],[],0,1,1,['islamophobia'],[],https://twitter.com/Justgauravv/status/1493886353205268480,False,https://twitter.com/AhmedArundhati/status/1493849179164086276,0,,,,,,,,[],,,,
1493886330996207617,1493886330996207617,2022-02-16 15:23:51 India Standard Time,2022-02-16,15:23:51,+0530,230313497,hasmibakhtiar,Hasmi Bakhtiar,,"Aksi siswi di India sambil meneriakkan â€œAllahu Akbarâ€ setelah mereka dilarang masuk kelas karena berhijab. Islamophobia bisa terjadi di mana2 dan dilakukan oleh siap saja, tapi menjadi masalah serius ketika negara sudah menjadi bagian dari pelaku spt di India saat ini.",in,[],[],[],1,7,23,[],[],https://twitter.com/hasmibakhtiar/status/1493886330996207617,False,https://twitter.com/trtarabi/status/1493857683203506179,0,,,,,,,,[],,,,
1493886153397006336,1493886153397006336,2022-02-16 15:23:08 India Standard Time,2022-02-16,15:23:08,+0530,975887611,ammsie,amina,,Asserting Their 'Muslimness' Fiercely: Women Undeterred By Islamophobia &amp; Misogyny | Feminism In India  https://t.co/lmfFqmsWBM,en,[],['https://feminisminindia.com/2022/02/15/asserting-their-muslimness-more-than-ever-unrattled-by-islamophobia-coupled-with-misogyny/'],[],0,0,0,[],[],https://twitter.com/Ammsie/status/1493886153397006336,False,,0,,,,,,,,[],,,,
1493885939596333064,1493885939596333064,2022-02-16 15:22:17 India Standard Time,2022-02-16,15:22:17,+0530,957599336191406080,luqmankhan555,Luqman Khan Power concedes nothing without Demand,,Islamophobia in Britain has got worse because  @UKLabour party helped organised groups to attack everything to do with Muslims human rights.  https://t.co/p9UjjPwpEC,en,"[{'screen_name': 'uklabour', 'name': 'the labour party', 'id': '14291684'}]",[],['https://pbs.twimg.com/media/FLtZTQEXEAAYlM_.png'],0,2,2,[],[],https://twitter.com/luqmankhan555/status/1493885939596333064,False,,1,https://pbs.twimg.com/media/FLtZTQEXEAAYlM_.png,,,,,,,[],,,,
1493885619415785475,1493610223864631296,2022-02-16 15:21:01 India Standard Time,2022-02-16,15:21:01,+0530,1357607984566734851,futebolsociali1,FutebolSocialist,,@thesulkycolt @virial__ @IrrationalChad They tend to get attacked by the left as pawns of the islamophobic right. Leftists and Muslim college groups deplatformed Maryam Namazie for islamophobia. Namazie is literally an Iranian Communist as well. She's as left-wing as it gets.,en,[],[],[],0,0,2,[],[],https://twitter.com/FutebolSociali1/status/1493885619415785475,False,,0,,,,,,,,"[{'screen_name': 'thesulkycolt', 'name': 'thesulkycolt ğŸ§¦ğŸ›âš›ï¸ğŸ³ï¸\u200dğŸŒˆğŸµ', 'id': '1300233862321041408'}, {'screen_name': 'virial__', 'name': 'W. E.', 'id': '884054057765285888'}, {'screen_name': 'IrrationalChad', 'name': 'Irrational Chad', 'id': '1284868041222901765'}]",,,,
1493885486028439552,1493885486028439552,2022-02-16 15:20:29 India Standard Time,2022-02-16,15:20:29,+0530,3295735954,himoveryonder,Liberation from centrist white supremacy ğŸ¦œ,,"Now, this is the sort of thing you'd say if you weren't so bothered about Islamophobia",en,[],[],[],0,0,5,[],[],https://twitter.com/himoveryonder/status/1493885486028439552,False,https://twitter.com/Nus_Ghani/status/1493538044129034240,0,,,,,,,,[],,,,
1493885358978875403,1493885358978875403,2022-02-16 15:19:59 India Standard Time,2022-02-16,15:19:59,+0530,84075950,rmohamedali,Raziya Mohamedali,,Pakistan Continues to Exhibit Gory â€˜Islamophobiaâ€™ Against Ahmadis  https://t.co/TFYY46pQQx via @MuslimPoly,en,"[{'screen_name': 'muslimpoly', 'name': 'rafiq a. tschannen', 'id': '485536548'}]",['https://themuslimtimes.info/2022/02/15/pakistan-continues-to-exhibit-gory-islamophobia-against-ahmadis/'],[],0,0,1,[],[],https://twitter.com/RMohamedali/status/1493885358978875403,False,,0,,,,,,,,[],,,,
1493885213147287554,1493885213147287554,2022-02-16 15:19:24 India Standard Time,2022-02-16,15:19:24,+0530,1232435940196540417,truestriver_x,ğŸMalcolm XğŸ,,#Ø§Ù„Ù‡Ù†Ø¯  #Islamophobia #islamophobia_in_india #HandsOffMyHijab #HijabisOurFaith,und,[],[],[],0,0,1,"['Ø§Ù„Ù‡Ù†Ø¯', 'islamophobia', 'islamophobia_in_india', 'handsoffmyhijab', 'hijabisourfaith']",[],https://twitter.com/TrueStriver_X/status/1493885213147287554,False,https://twitter.com/LawBeatInd/status/1493860132068855809,0,,,,,,,,[],,,,
1493884906216194049,1493884906216194049,2022-02-16 15:18:11 India Standard Time,2022-02-16,15:18:11,+0530,1232435940196540417,truestriver_x,ğŸMalcolm XğŸ,,#Ø§Ù„Ù‡Ù†Ø¯  #Islamophobia #islamophobia_in_india #HandsOffMyHijab #HijabisOurFaith,und,[],[],[],0,0,0,"['Ø§Ù„Ù‡Ù†Ø¯', 'islamophobia', 'islamophobia_in_india', 'handsoffmyhijab', 'hijabisourfaith']",[],https://twitter.com/TrueStriver_X/status/1493884906216194049,False,https://twitter.com/prajwalmanipal/status/1493815525029285888,0,,,,,,,,[],,,,
1493884707049652226,1493884707049652226,2022-02-16 15:17:23 India Standard Time,2022-02-16,15:17:23,+0530,1232435940196540417,truestriver_x,ğŸMalcolm XğŸ,,#Ø§Ù„Ù‡Ù†Ø¯  #Islamophobia #islamophobia_in_india #HindutvaTerrorists,und,[],[],[],0,0,0,"['Ø§Ù„Ù‡Ù†Ø¯', 'islamophobia', 'islamophobia_in_india', 'hindutvaterrorists']",[],https://twitter.com/TrueStriver_X/status/1493884707049652226,False,https://twitter.com/SamKhan999/status/1493870251607568384,0,,,,,,,,[],,,,
1493883848542801921,1493883848542801921,2022-02-16 15:13:59 India Standard Time,2022-02-16,15:13:59,+0530,1251244131260776449,fayyaza24046026,Fayyaz Ahmad,,India Hindu real face. Fight against #Islamophobia  https://t.co/zlEqIEikne,en,[],[],[],1,0,1,['islamophobia'],[],https://twitter.com/FayyazA24046026/status/1493883848542801921,False,,1,https://pbs.twimg.com/ext_tw_video_thumb/1493883800803237890/pu/img/Sv7K9bwgvSB9iIcE.jpg,,,,,,,[],,,,
1493883834051731460,1493829660270264321,2022-02-16 15:13:55 India Standard Time,2022-02-16,15:13:55,+0530,1194882517255352320,kiputkingg,Kiputking ğŸ”® | #MOONAFIC,,"@hendri_hrm @acuy17 @budimandjatmiko arti kata phobia sendiri itu itu takut akan sesuatu, berarti artinya takut pada islam, nah rocky sendiri menilai jokowi dan pdip menyebarkan islamophobia, nah klo bener disebarkan hrusnya muslim dilenyapkan atau hari raya islam dihapuskan kalo pemerintah bener2 gitu",in,[],[],[],2,0,0,[],[],https://twitter.com/KiputKingg/status/1493883834051731460,False,,0,,,,,,,,"[{'screen_name': 'hendri_hrm', 'name': 'Hendri HRM', 'id': '1437784182323822598'}, {'screen_name': 'acuy17', 'name': 'AcuyGMZ', 'id': '60117928'}, {'screen_name': 'budimandjatmiko', 'name': 'Budiman Sudjatmiko (IG: masbud_sudjatmiko)', 'id': '183217247'}]",,,,
1493883745580896256,1493863321572818944,2022-02-16 15:13:34 India Standard Time,2022-02-16,15:13:34,+0530,239911922,drn24d,DAGU NAIK,,@saleemazeem_ @tavleen_singh but u don't want to give up Inch of ur religious beliefs.. For betterment of society. That how Islamophobia and terr.rism comes in society..  Give up some Inch of ur religion for us.. We will stay in peace we are Indians,en,[],[],[],0,0,1,[],[],https://twitter.com/drn24d/status/1493883745580896256,False,,0,,,,,,,,"[{'screen_name': 'saleemazeem_', 'name': 'Saleem Azeem', 'id': '1272669042'}, {'screen_name': 'tavleen_singh', 'name': 'Tavleen Singh', 'id': '118757160'}]",,,,
1493883613246464007,1493883613246464007,2022-02-16 15:13:03 India Standard Time,2022-02-16,15:13:03,+0530,1232435940196540417,truestriver_x,ğŸMalcolm XğŸ,,#Ø§Ù„Ù‡Ù†Ø¯  #Islamophobia #islamophobia_in_india #HandsOffMyHijab #HijabisOurFaith,und,[],[],[],0,0,0,"['Ø§Ù„Ù‡Ù†Ø¯', 'islamophobia', 'islamophobia_in_india', 'handsoffmyhijab', 'hijabisourfaith']",[],https://twitter.com/TrueStriver_X/status/1493883613246464007,False,https://twitter.com/KashifKakvi/status/1493870491878051842,0,,,,,,,,[],,,,
1493883549975470081,1493883549975470081,2022-02-16 15:12:47 India Standard Time,2022-02-16,15:12:47,+0530,1049214102600601601,oxswp,Oxford & Thames Valley SWP,,"Far right tries to spread truck protests in Canada  https://t.co/EavMaKV8av  #Canada #farright #India, #Islamophobia, #QAnon",en,[],['https://socialistworker.co.uk/international/canada-far-right-tries-to-spread-canadian-truck-protests/'],[],0,0,0,"['canada', 'farright', 'india', 'islamophobia', 'qanon']",[],https://twitter.com/OxSwp/status/1493883549975470081,False,,0,,,,,,,,[],,,,
1493883489644527619,1493883489644527619,2022-02-16 15:12:33 India Standard Time,2022-02-16,15:12:33,+0530,1232435940196540417,truestriver_x,ğŸMalcolm XğŸ,,#Ø§Ù„Ù‡Ù†Ø¯  #Islamophobia #islamophobia_in_india #HandsOffMyHijab #HijabisOurFaith,und,[],[],[],0,0,0,"['Ø§Ù„Ù‡Ù†Ø¯', 'islamophobia', 'islamophobia_in_india', 'handsoffmyhijab', 'hijabisourfaith']",[],https://twitter.com/TrueStriver_X/status/1493883489644527619,False,https://twitter.com/AshrafAliBashi4/status/1493880469129404417,0,,,,,,,,[],,,,
1493883326293229571,1493883326293229571,2022-02-16 15:11:54 India Standard Time,2022-02-16,15:11:54,+0530,609060452,esmat_j,Esmat J,,"What's happening in India is state sponsored Islamophobia and Nationalism. To suggest it is for the liberation of women is to be complicit in the oppression. When will we accept that women have their own agency, and stop dictating what we should/shouldn't wear.",en,[],[],[],0,0,0,[],[],https://twitter.com/Esmat_J/status/1493883326293229571,False,https://twitter.com/PeterTatchell/status/1493879078130274313,0,,,,,,,,[],,,,
1493883282273943557,1493883282273943557,2022-02-16 15:11:44 India Standard Time,2022-02-16,15:11:44,+0530,1232435940196540417,truestriver_x,ğŸMalcolm XğŸ,,#Ø§Ù„Ù‡Ù†Ø¯  #Islamophobia #islamophobia_in_india #HandsOffMyHijab #HijabisOurFaith,und,[],[],[],0,1,1,"['Ø§Ù„Ù‡Ù†Ø¯', 'islamophobia', 'islamophobia_in_india', 'handsoffmyhijab', 'hijabisourfaith']",[],https://twitter.com/TrueStriver_X/status/1493883282273943557,False,https://twitter.com/cjwerleman/status/1493756822490324992,0,,,,,,,,[],,,,
1493883242423873542,1493883242423873542,2022-02-16 15:11:34 India Standard Time,2022-02-16,15:11:34,+0530,1232435940196540417,truestriver_x,ğŸMalcolm XğŸ,,#Ø§Ù„Ù‡Ù†Ø¯  #Islamophobia #islamophobia_in_india #HandsOffMyHijab #HijabisOurFaith,und,[],[],[],0,0,0,"['Ø§Ù„Ù‡Ù†Ø¯', 'islamophobia', 'islamophobia_in_india', 'handsoffmyhijab', 'hijabisourfaith']",[],https://twitter.com/TrueStriver_X/status/1493883242423873542,False,https://twitter.com/HindutvaWatchIn/status/1493820961023533062,0,,,,,,,,[],,,,
1493883157296205825,1493867925786492930,2022-02-16 15:11:14 India Standard Time,2022-02-16,15:11:14,+0530,1444644049537814529,sheikhasif018,"Sheikh Asif. à¤†à¤¸à¤¿à¤« à¤…à¤¹à¤®à¤¦, Ø¢ØµÙ Ø§Ø­Ù…Ø¯",,@vidushak_ Abe Islamophobia tere Abba ka nhi hai hindustan  Hm yahi rahenge or ladenge  Or jyada dabane ki koisi karega indian muslim ko to tera mu Tod denge,in,[],[],[],1,0,0,[],[],https://twitter.com/sheikhasif018/status/1493883157296205825,False,,0,,,,,,,,"[{'screen_name': 'vidushak_', 'name': 'Vidushak ğŸ‡®ğŸ‡³', 'id': '953670160241446912'}]",,,,
1493883082285322240,1493869157288660995,2022-02-16 15:10:56 India Standard Time,2022-02-16,15:10:56,+0530,1255585194658144257,mohamme65620405,Mohammed Jaber,,@Habeebinamdar Everyone know this its not about hijab its about hatred againt Muslims community.  But don't worry kisi ke baap me itna dum nhi hai ke hijab nikale  Constitution me rights diya hai  #HijabisOurRight  #HijabIsOurPride  #HijabIsFundamentalRight  #Islamophobia,en,[],[],[],0,0,1,"['hijabisourright', 'hijabisourpride', 'hijabisfundamentalright', 'islamophobia']",[],https://twitter.com/Mohamme65620405/status/1493883082285322240,False,,0,,,,,,,,"[{'screen_name': 'Habeebinamdar', 'name': 'Mohammed Habeeb Ur Rehman', 'id': '750652945'}]",,,,
1493883038727507970,1493883038727507970,2022-02-16 15:10:46 India Standard Time,2022-02-16,15:10:46,+0530,1255082777013293057,jeeshan_momin,Jeeshan Momin,,He's talking about M means Muslims he think India is hindu rastra not democratic secular country maybe he need education cause he's brainwashed by islamophobes and BJP sanghi's #Islamophobia_in_india #HijabIsOurPride #Islamophobia #HindutvaTerror  #karnataka,en,[],[],[],0,1,1,"['islamophobia_in_india', 'hijabisourpride', 'islamophobia', 'hindutvaterror', 'karnataka']",[],https://twitter.com/jeeshan_momin/status/1493883038727507970,False,https://twitter.com/RanaAyyub/status/1493821521969946624,0,,,,,,,,[],,,,
1493882779041292291,1493882779041292291,2022-02-16 15:09:44 India Standard Time,2022-02-16,15:09:44,+0530,1232435940196540417,truestriver_x,ğŸMalcolm XğŸ,,#Ø§Ù„Ù‡Ù†Ø¯  #Islamophobia #islamophobia_in_india #HandsOffMyHijab #HijabisOurFaith,und,[],[],[],0,1,0,"['Ø§Ù„Ù‡Ù†Ø¯', 'islamophobia', 'islamophobia_in_india', 'handsoffmyhijab', 'hijabisourfaith']",[],https://twitter.com/TrueStriver_X/status/1493882779041292291,False,https://twitter.com/RubinaAfaqueIND/status/1493844768270745604,0,,,,,,,,[],,,,
1493882757826547724,1493829660270264321,2022-02-16 15:09:39 India Standard Time,2022-02-16,15:09:39,+0530,1466684005126791177,lukmanu07350601,Lukmanul Hakim,,"@r02_aaaa @budimandjatmiko Pengajian tiap hari, tiap malam di masjid, di rumah2.....di majlis2, tabligh Akbar gak siang gak malam rameeee. Hadroh dan marawis hingar bingar di mana-mana......mana ada islamophobia ya?",in,[],[],[],0,0,0,[],[],https://twitter.com/Lukmanu07350601/status/1493882757826547724,False,,0,,,,,,,,"[{'screen_name': 'r02_aaaa', 'name': 'alpaaa.', 'id': '1040046169458585605'}, {'screen_name': 'budimandjatmiko', 'name': 'Budiman Sudjatmiko (IG: masbud_sudjatmiko)', 'id': '183217247'}]",,,,
1493882736980807680,1493882736980807680,2022-02-16 15:09:34 India Standard Time,2022-02-16,15:09:34,+0530,1025425184151490561,indialynnehenry,Lynne Henry,,"The rot of Islamophobia unfortunately runs very deep. It's found not just among alleged right wing,but sadly amongst many other minority communities too. :( Its not unusual to hear in some settings sometimes,''Marry anyone 'else',but not a Muslim''.Where is this hate coming from?",en,[],[],[],0,0,0,[],[],https://twitter.com/IndiaLynnehenry/status/1493882736980807680,False,,0,,,,,,,,[],,,,
1493882624837709826,1493882624837709826,2022-02-16 15:09:07 India Standard Time,2022-02-16,15:09:07,+0530,1385816777855098883,kratikachoubey2,Kratikachoubey,,"""It was never about #HIJABâ€.  #islamophobia #udupistudentsneedjustice #Tumkuru #datia  https://t.co/k0EDgHWehz",en,[],[],['https://pbs.twimg.com/media/FLtWUy7UcAEd8X5.jpg'],0,0,0,"['hijab', 'islamophobia', 'udupistudentsneedjustice', 'tumkuru', 'datia']",[],https://twitter.com/Kratikachoubey2/status/1493882624837709826,False,,1,https://pbs.twimg.com/media/FLtWUy7UcAEd8X5.jpg,,,,,,,[],,,,
1493882537801707524,1493882537801707524,2022-02-16 15:08:46 India Standard Time,2022-02-16,15:08:46,+0530,1232435940196540417,truestriver_x,ğŸMalcolm XğŸ,,#Ø§Ù„Ù‡Ù†Ø¯  #Islamophobia #islamophobia_in_india #HandsOffMyHijab #HijabisOurFaith,und,[],[],[],0,0,0,"['Ø§Ù„Ù‡Ù†Ø¯', 'islamophobia', 'islamophobia_in_india', 'handsoffmyhijab', 'hijabisourfaith']",[],https://twitter.com/TrueStriver_X/status/1493882537801707524,False,https://twitter.com/Shaad_Bajpe/status/1493826191429877761,0,,,,,,,,[],,,,
1493882335263141890,1493882335263141890,2022-02-16 15:07:58 India Standard Time,2022-02-16,15:07:58,+0530,3439339775,husnapervez,Husna Pervez Ø­Ø³Ù†ÛŒÙ° Ù¾Ø±ÙˆÛŒØ²,,THIS is what BJP is doing. Making people hate and fight each other. #HijabRow #HijabIsOurPride #Hijab #HijabBan #HijabisOurFaith #Islamophobia  https://t.co/YDEknyC8J4,en,[],[],['https://pbs.twimg.com/media/FLtWEPyXEAEltlM.jpg'],0,0,5,"['hijabrow', 'hijabisourpride', 'hijab', 'hijabban', 'hijabisourfaith', 'islamophobia']",[],https://twitter.com/HusnaPervez/status/1493882335263141890,False,,1,https://pbs.twimg.com/media/FLtWEPyXEAEltlM.jpg,,,,,,,[],,,,
1493881527154798592,1493881527154798592,2022-02-16 15:04:45 India Standard Time,2022-02-16,15:04:45,+0530,1465731690815389704,mkhitaryanist,Ambedkarite iyer,,"@sanjukta can you explain why indian liberals should appreciate american institutions for calling out islamophobia ? america has funded multiple genocides and killed millions in the middle east and literally talked about deporting muslims some years back, why uphold them ?",en,[],[],[],0,0,0,[],[],https://twitter.com/mkhitaryanist/status/1493881527154798592,False,,0,,,,,,,,[],,,,
1493881462604525572,1493881462604525572,2022-02-16 15:04:30 India Standard Time,2022-02-16,15:04:30,+0530,1232435940196540417,truestriver_x,ğŸMalcolm XğŸ,,#Ø§Ù„Ù‡Ù†Ø¯  #Islamophobia #islamophobia_in_india #HandsOffMyHijab #HijabisOurFaith,und,[],[],[],0,0,1,"['Ø§Ù„Ù‡Ù†Ø¯', 'islamophobia', 'islamophobia_in_india', 'handsoffmyhijab', 'hijabisourfaith']",[],https://twitter.com/TrueStriver_X/status/1493881462604525572,False,https://twitter.com/Shaad_Bajpe/status/1493833498830204928,0,,,,,,,,[],,,,
1493880998420877315,1493815526862516224,2022-02-16 15:02:39 India Standard Time,2022-02-16,15:02:39,+0530,1255585194658144257,mohamme65620405,Mohammed Jaber,,@ndtv From starting its not about hijab its clearly showing hatred againt Muslims community but we will fight for our continuation right we will not bow down in front of injustice govt and law  #HijabisOurRight #HijabIsOurPride  #HijabIsFundamentalRight  #Islamophobia,en,[],[],[],0,0,0,"['hijabisourright', 'hijabisourpride', 'hijabisfundamentalright', 'islamophobia']",[],https://twitter.com/Mohamme65620405/status/1493880998420877315,False,,0,,,,,,,,"[{'screen_name': 'ndtv', 'name': 'NDTV', 'id': '37034483'}]",,,,
1493880805256417281,1493880805256417281,2022-02-16 15:01:53 India Standard Time,2022-02-16,15:01:53,+0530,50323220,faridofisiel,FARevermore,,This is to mocking the Islamophobia; he ain't being one,en,[],[],[],0,0,0,[],[],https://twitter.com/faridofisiel/status/1493880805256417281,False,https://twitter.com/shaykhhasanali/status/1493314514317623307,0,,,,,,,,[],,,,
1493880277101268993,1493856006010716161,2022-02-16 14:59:47 India Standard Time,2022-02-16,14:59:47,+0530,1486265956158836738,kinniku_man,Man,,@RaniKancana__ @emerson_yuntho anggaran depag meningkan tajampun islamophobia ğŸ˜,in,[],[],[],0,0,0,[],[],https://twitter.com/kinniku_man/status/1493880277101268993,False,,0,,,,,,,,"[{'screen_name': 'RaniKancana__', 'name': 'ğŸ‡®ğŸ‡©Rani KancanağŸ‡²ğŸ‡¨', 'id': '1303615921550835712'}, {'screen_name': 'emerson_yuntho', 'name': 'Buya Eson', 'id': '155928815'}]",,,,
1493880269824466944,1493880269824466944,2022-02-16 14:59:45 India Standard Time,2022-02-16,14:59:45,+0530,48706493,ranjona,ranjona banerji ğŸ‡®ğŸ‡³,,Is the BJP seeking to go full secular and remove all aspects of all religious symbols from education in India? Ho ho. Notice they didn't start with bhajans and diyas. #hijab ban is just the usual RSS Islamophobia.,en,[],[],[],4,12,36,['hijab'],[],https://twitter.com/ranjona/status/1493880269824466944,False,,0,,,,,,,,[],,,,
1493880025203941376,1493880025203941376,2022-02-16 14:58:47 India Standard Time,2022-02-16,14:58:47,+0530,1232435940196540417,truestriver_x,ğŸMalcolm XğŸ,,#Ø§Ù„Ù‡Ù†Ø¯  #Islamophobia #islamophobia_in_india #HandsOffMyHijab #HijabisOurFaith,und,[],[],[],0,0,0,"['Ø§Ù„Ù‡Ù†Ø¯', 'islamophobia', 'islamophobia_in_india', 'handsoffmyhijab', 'hijabisourfaith']",[],https://twitter.com/TrueStriver_X/status/1493880025203941376,False,https://twitter.com/shahidsheik03/status/1493854467091054596,0,,,,,,,,[],,,,
1493879774745407489,1493829660270264321,2022-02-16 14:57:47 India Standard Time,2022-02-16,14:57:47,+0530,63902631,deddytriwahyudi,Deddy Triwahyudi,,"@oemjioemji @silent_rooftop @budimandjatmiko @TweetSyarif Saya bukan denial, saya cuma bertanya, Islamopobhianya dimana? Sementara hal2 yg saya sebutkan di atas masih bebas kita lakukan, kecuali itu semua tidak boleh dilakukan, baru sebut Islamophobia dan saya akan mendukung statment anda kl hal itu terjadi.",in,[],[],[],1,0,0,[],[],https://twitter.com/deddytriwahyudi/status/1493879774745407489,False,,0,,,,,,,,"[{'screen_name': 'oemjioemji', 'name': 'Oemji', 'id': '1425833935448068103'}, {'screen_name': 'silent_rooftop', 'name': 'shut up!', 'id': '1194426608565665792'}, {'screen_name': 'budimandjatmiko', 'name': 'Budiman Sudjatmiko (IG: masbud_sudjatmiko)', 'id': '183217247'}, {'screen_name': 'TweetSyarif', 'name': 'Amir Syarifudin', 'id': '2405430589'}]",,,,
1493879710442405890,1493864786546737153,2022-02-16 14:57:32 India Standard Time,2022-02-16,14:57:32,+0530,1470286705865355267,hussaink9748,Hussain,,@JaipurDialogues Stop calling and blaming islam while eating sleeping and all the time..if you have better religion prove that it does not discriminate people on cloth name and Hijab..or if you have islamophobia or have enimity against Islam then keep blaming islam 24x7..,en,[],[],[],0,0,0,[],[],https://twitter.com/Hussaink9748/status/1493879710442405890,False,,0,,,,,,,,"[{'screen_name': 'JaipurDialogues', 'name': 'The Jaipur Dialogues', 'id': '776460131722756100'}]",,,,
1493879672962121730,1493879672962121730,2022-02-16 14:57:23 India Standard Time,2022-02-16,14:57:23,+0530,1232435940196540417,truestriver_x,ğŸMalcolm XğŸ,,#Ø§Ù„Ù‡Ù†Ø¯  #Islamophobia #islamophobia_in_india #HandsOffMyHijab #HijabisOurFaith,und,[],[],[],0,0,1,"['Ø§Ù„Ù‡Ù†Ø¯', 'islamophobia', 'islamophobia_in_india', 'handsoffmyhijab', 'hijabisourfaith']",[],https://twitter.com/TrueStriver_X/status/1493879672962121730,False,https://twitter.com/abmoulvi/status/1493862670197428225,0,,,,,,,,[],,,,
1493879600300142593,1493879600300142593,2022-02-16 14:57:06 India Standard Time,2022-02-16,14:57:06,+0530,463223202,desondy,Amanullah De Sondy,,"Baroness Sayeeda Warsi said that Islamophobia passed â€œthe dinner-table testâ€ â€“ now ten years later, Islamophobia accounts for 45% of religious hate crimes   https://t.co/i3sWw94tfq",en,[],['https://www.openaccessgovernment.org/the-dinner-table-test/128114/'],[],1,4,1,[],[],https://twitter.com/desondy/status/1493879600300142593,False,,0,,,,,,,,[],,,,
1493879434016804868,1493879434016804868,2022-02-16 14:56:26 India Standard Time,2022-02-16,14:56:26,+0530,1232435940196540417,truestriver_x,ğŸMalcolm XğŸ,,#Ø§Ù„Ù‡Ù†Ø¯  #Islamophobia #islamophobia_in_india #HandsOffMyHijab #HijabisOurFaith,und,[],[],[],0,0,0,"['Ø§Ù„Ù‡Ù†Ø¯', 'islamophobia', 'islamophobia_in_india', 'handsoffmyhijab', 'hijabisourfaith']",[],https://twitter.com/TrueStriver_X/status/1493879434016804868,False,https://twitter.com/rabiasyed97/status/1493832721575325698,0,,,,,,,,[],,,,
1493879370263502849,1493879370263502849,2022-02-16 14:56:11 India Standard Time,2022-02-16,14:56:11,+0530,463223202,desondy,Amanullah De Sondy,,The Trojan Horse Affair: Islamophobia scholar on the long shadow cast by the scandal via @TC_Africa  https://t.co/vYH3vCBVRu,en,"[{'screen_name': 'tc_africa', 'name': 'the conversation africa', 'id': '2932813026'}]",['https://theconversation.com/the-trojan-horse-affair-islamophobia-scholar-on-the-long-shadow-cast-by-the-scandal-176281?utm_medium=amptwitter&utm_source=twitter'],[],0,0,0,[],[],https://twitter.com/desondy/status/1493879370263502849,False,,0,,,,,,,,[],,,,
1493879316672876549,1493666617448071168,2022-02-16 14:55:58 India Standard Time,2022-02-16,14:55:58,+0530,24624351,ghazala_mir,Ghazala Mir,,@pukhtoon_yaar1 Hinduvta trolls out in force on this thread exemplifying the Islamophobia behind #HijabRow,en,[],[],[],0,0,1,['hijabrow'],[],https://twitter.com/ghazala_mir/status/1493879316672876549,False,,0,,,,,,,,"[{'screen_name': 'pukhtoon_yaar1', 'name': 'ğŸ‡µğŸ‡°ğŸ‡µğŸ‡°ğŸ¤ğŸ’Ù„Ø§Ù„Û', 'id': '1479423026336722945'}]",,,,
1493879011008602118,1493879011008602118,2022-02-16 14:54:45 India Standard Time,2022-02-16,14:54:45,+0530,1232435940196540417,truestriver_x,ğŸMalcolm XğŸ,,#Ø§Ù„Ù‡Ù†Ø¯  #Islamophobia #islamophobia_in_india #HandsOffMyHijab #HijabisOurFaith,und,[],[],[],0,0,0,"['Ø§Ù„Ù‡Ù†Ø¯', 'islamophobia', 'islamophobia_in_india', 'handsoffmyhijab', 'hijabisourfaith']",[],https://twitter.com/TrueStriver_X/status/1493879011008602118,False,https://twitter.com/Ahmed_Brilliant/status/1493870881331892225,0,,,,,,,,[],,,,
1493878986535063553,1493878986535063553,2022-02-16 14:54:39 India Standard Time,2022-02-16,14:54:39,+0530,463223202,desondy,Amanullah De Sondy,,Homophobia and Islamophobia: Ouissem Belgacem. The man who shocked French football  https://t.co/CMg3aBigOW,en,[],['https://www.skysports.com/football/story-telling/11095/12337686/ouissem-belgacem-on-growing-up-gay-in-french-football-turning-shame-into-pride-and-fighting-homophobia'],[],0,0,0,[],[],https://twitter.com/desondy/status/1493878986535063553,False,,0,,,,,,,,[],,,,
1493878956927320068,1493647042169618433,2022-02-16 14:54:32 India Standard Time,2022-02-16,14:54:32,+0530,1255585194658144257,mohamme65620405,Mohammed Jaber,,@MogalAadil They have police they govt thats why they doing wat they want to Muslims community its shameful to see this in india  #Islamophobia,en,[],[],[],0,0,0,['islamophobia'],[],https://twitter.com/Mohamme65620405/status/1493878956927320068,False,,0,,,,,,,,"[{'screen_name': 'MogalAadil', 'name': 'Ø¹Ø§Ø¯Ù„ Ù…ØºÙ„ ğŸ‡µğŸ‡¸', 'id': '1054721542909771776'}]",,,,
1493878946571571200,1493878946571571200,2022-02-16 14:54:30 India Standard Time,2022-02-16,14:54:30,+0530,1232435940196540417,truestriver_x,ğŸMalcolm XğŸ,,#Ø§Ù„Ù‡Ù†Ø¯  #Islamophobia #islamophobia_in_india #HandsOffMyHijab #HijabisOurFaith,und,[],[],[],1,0,0,"['Ø§Ù„Ù‡Ù†Ø¯', 'islamophobia', 'islamophobia_in_india', 'handsoffmyhijab', 'hijabisourfaith']",[],https://twitter.com/TrueStriver_X/status/1493878946571571200,False,https://twitter.com/PriyankaRudrapa/status/1493832129234423808,0,,,,,,,,[],,,,
1493878834969870340,1493555973230776323,2022-02-16 14:54:03 India Standard Time,2022-02-16,14:54:03,+0530,1308048530100027392,romanisti_as,romanisti as roma,,"@himawansugeha95 @coachaddie_off @hanif_sq Tapi itu mungkin anda sendiri,,belum dg yg lain dan dilapangan... Karena wabah islamophobia kental bangettt",in,[],[],[],0,0,0,[],[],https://twitter.com/romanisti_as/status/1493878834969870340,False,,0,,,,,,,,"[{'screen_name': 'himawansugeha95', 'name': 'himawan sugeha', 'id': '3421557673'}, {'screen_name': 'coachaddie_off', 'name': 'COACH ADDIE', 'id': '224119217'}, {'screen_name': 'hanif_sq', 'name': 'Onduty', 'id': '520965295'}]",,,,
1493878708716769280,1493825358256390148,2022-02-16 14:53:33 India Standard Time,2022-02-16,14:53:33,+0530,1479365968279130112,truthb4polity,TruthBeforePolity,,"@Kalburgism And then they'll cry #Islamophobia . These few people wear their religion head to toe, and act in all sorts of uncivil ways.   You're ruining the brand of your entire community. The majority of this community should come together and say #NotInMyName @Amana_Ansari @JahidHussain2",en,"[{'screen_name': 'amana_ansari', 'name': 'amana begam ansari', 'id': '1393719025'}, {'screen_name': 'jahidhussain2', 'name': 'jahidhussain', 'id': '402524110'}]",[],[],0,0,0,"['islamophobia', 'notinmyname']",[],https://twitter.com/Truthb4Polity/status/1493878708716769280,False,,0,,,,,,,,"[{'screen_name': 'Kalburgism', 'name': 'BHKğŸ‡®ğŸ‡³', 'id': '2878341252'}]",,,,
1493878664978591747,1493878664978591747,2022-02-16 14:53:23 India Standard Time,2022-02-16,14:53:23,+0530,1232435940196540417,truestriver_x,ğŸMalcolm XğŸ,,#Ø§Ù„Ù‡Ù†Ø¯  #Islamophobia #islamophobia_in_india #HandsOffMyHijab #HijabisOurFaith,und,[],[],[],0,0,0,"['Ø§Ù„Ù‡Ù†Ø¯', 'islamophobia', 'islamophobia_in_india', 'handsoffmyhijab', 'hijabisourfaith']",[],https://twitter.com/TrueStriver_X/status/1493878664978591747,False,https://twitter.com/Shaad_Bajpe/status/1493847625950400516,0,,,,,,,,[],,,,
1493878534778994692,1493878534778994692,2022-02-16 14:52:52 India Standard Time,2022-02-16,14:52:52,+0530,1232435940196540417,truestriver_x,ğŸMalcolm XğŸ,,#Ø§Ù„Ù‡Ù†Ø¯  #Islamophobia #islamophobia_in_india #HandsOffMyHijab #HijabisOurFaith,und,[],[],[],0,0,0,"['Ø§Ù„Ù‡Ù†Ø¯', 'islamophobia', 'islamophobia_in_india', 'handsoffmyhijab', 'hijabisourfaith']",[],https://twitter.com/TrueStriver_X/status/1493878534778994692,False,https://twitter.com/shreyas_ToI/status/1493557299780022272,0,,,,,,,,[],,,,
1493878257720049664,1493878257720049664,2022-02-16 14:51:46 India Standard Time,2022-02-16,14:51:46,+0530,1232435940196540417,truestriver_x,ğŸMalcolm XğŸ,,#Ø§Ù„Ù‡Ù†Ø¯  #Islamophobia #islamophobia_in_india #HandsOffMyHijab #HijabisOurFaith  #HindutvaTerrorists,und,[],[],[],0,0,0,"['Ø§Ù„Ù‡Ù†Ø¯', 'islamophobia', 'islamophobia_in_india', 'handsoffmyhijab', 'hijabisourfaith', 'hindutvaterrorists']",[],https://twitter.com/TrueStriver_X/status/1493878257720049664,False,https://twitter.com/trtworld/status/1493812386343448576,0,,,,,,,,[],,,,
1493878149972885504,1493878149972885504,2022-02-16 14:51:20 India Standard Time,2022-02-16,14:51:20,+0530,1284024259,n_i_t_h_i_n_,Nithin,,"When #BJP ruled #India cannot secure the safety of it's own #minority citizens, it's caring for the safety of the minorities in #Pakistan #UnitedNations #Islamophobia_in_india #RSSTerrorists #IslamophobiaInIndia #StopIslamophobiaIndia",en,[],[],[],0,1,1,"['bjp', 'india', 'minority', 'pakistan', 'unitednations', 'islamophobia_in_india', 'rssterrorists', 'islamophobiainindia', 'stopislamophobiaindia']",[],https://twitter.com/N_i_t_h_i_n_/status/1493878149972885504,False,https://twitter.com/timesofindia/status/1493865751156903937,0,,,,,,,,[],,,,
1493877467441889282,1493877467441889282,2022-02-16 14:48:37 India Standard Time,2022-02-16,14:48:37,+0530,1232435940196540417,truestriver_x,ğŸMalcolm XğŸ,,#Ø§Ù„Ù‡Ù†Ø¯  #Islamophobia #islamophobia_in_india #HindutvaTerrorists,und,[],[],[],0,1,0,"['Ø§Ù„Ù‡Ù†Ø¯', 'islamophobia', 'islamophobia_in_india', 'hindutvaterrorists']",[],https://twitter.com/TrueStriver_X/status/1493877467441889282,False,https://twitter.com/_themuslim/status/1493874764414394372,0,,,,,,,,[],,,,
1493877251397410816,1493877251397410816,2022-02-16 14:47:46 India Standard Time,2022-02-16,14:47:46,+0530,1232435940196540417,truestriver_x,ğŸMalcolm XğŸ,,#Ø§Ù„Ù‡Ù†Ø¯  #Islamophobia #islamophobia_in_india #HandsOffMyHijab #HijabisOurFaith,und,[],[],[],0,0,0,"['Ø§Ù„Ù‡Ù†Ø¯', 'islamophobia', 'islamophobia_in_india', 'handsoffmyhijab', 'hijabisourfaith']",[],https://twitter.com/TrueStriver_X/status/1493877251397410816,False,https://twitter.com/dpkBopanna/status/1493805594897453056,0,,,,,,,,[],,,,
1493877191406661640,1493877191406661640,2022-02-16 14:47:31 India Standard Time,2022-02-16,14:47:31,+0530,1256275729509224450,journomirror,Journo Mirror,,"à¤®à¥‡à¤°à¤¾ à¤à¤• à¤®à¥à¤¸à¥à¤²à¤¿à¤® à¤¦à¥‹à¤¸à¥à¤¤ à¤°à¥‹à¤œà¤¼ à¤¤à¤¾à¤¨à¥‡ à¤¸à¥à¤¨à¤¤à¤¾ à¤¹à¥ˆ, à¤¸à¤¬ à¤¸à¤¾à¤¥ à¤²à¤‚à¤š à¤•à¤°à¤¤à¥‡ à¤¹à¥ˆà¤‚, à¤µà¥‹ à¤­à¤°à¥‡ à¤‘à¤«à¤¼à¤¿à¤¸ à¤®à¥‡à¤‚ à¤²à¤‚à¤š à¤…à¤•à¥‡à¤²à¥‡ à¤•à¤°à¤¤à¤¾ à¤¹à¥ˆ: @drpaandey  #India #MuslimLivesMatter #Islamophobia  https://t.co/1uedb5MSNr",hi,"[{'screen_name': 'drpaandey', 'name': 'deependra raja pandey', 'id': '122843491'}]",['https://journomirror.com/a-muslim-friend-of-mine-listens-to-taunts-everyday-everyone-has-lunch-together-he-eats-lunch-alone-in-a-packed-office-deependra-raja-pandey/'],[],0,6,15,"['india', 'muslimlivesmatter', 'islamophobia']",[],https://twitter.com/JournoMirror/status/1493877191406661640,False,,0,,,,,,,,[],,,,
1493877182229213188,1493877182229213188,2022-02-16 14:47:29 India Standard Time,2022-02-16,14:47:29,+0530,1232435940196540417,truestriver_x,ğŸMalcolm XğŸ,,#Ø§Ù„Ù‡Ù†Ø¯  #Islamophobia #islamophobia_in_india #HandsOffMyHijab #HijabisOurFaith,und,[],[],[],0,0,0,"['Ø§Ù„Ù‡Ù†Ø¯', 'islamophobia', 'islamophobia_in_india', 'handsoffmyhijab', 'hijabisourfaith']",[],https://twitter.com/TrueStriver_X/status/1493877182229213188,False,https://twitter.com/dpkBopanna/status/1493797268197355520,0,,,,,,,,[],,,,
1493877095839133700,1493877095839133700,2022-02-16 14:47:09 India Standard Time,2022-02-16,14:47:09,+0530,1232435940196540417,truestriver_x,ğŸMalcolm XğŸ,,#Ø§Ù„Ù‡Ù†Ø¯  #Islamophobia #islamophobia_in_india #HandsOffMyHijab #HijabisOurFaith,und,[],[],[],0,0,0,"['Ø§Ù„Ù‡Ù†Ø¯', 'islamophobia', 'islamophobia_in_india', 'handsoffmyhijab', 'hijabisourfaith']",[],https://twitter.com/TrueStriver_X/status/1493877095839133700,False,https://twitter.com/dpkBopanna/status/1493809394886545408,0,,,,,,,,[],,,,
1493877052352593921,1493877052352593921,2022-02-16 14:46:58 India Standard Time,2022-02-16,14:46:58,+0530,1232435940196540417,truestriver_x,ğŸMalcolm XğŸ,,#Ø§Ù„Ù‡Ù†Ø¯  #Islamophobia #islamophobia_in_india #HandsOffMyHijab #HijabisOurFaith,und,[],[],[],0,0,0,"['Ø§Ù„Ù‡Ù†Ø¯', 'islamophobia', 'islamophobia_in_india', 'handsoffmyhijab', 'hijabisourfaith']",[],https://twitter.com/TrueStriver_X/status/1493877052352593921,False,https://twitter.com/dpkBopanna/status/1493842567246794752,0,,,,,,,,[],,,,
1493877001630851072,1493877001630851072,2022-02-16 14:46:46 India Standard Time,2022-02-16,14:46:46,+0530,1232435940196540417,truestriver_x,ğŸMalcolm XğŸ,,#Ø§Ù„Ù‡Ù†Ø¯  #Islamophobia #islamophobia_in_india #HindutvaTerrorists,und,[],[],[],0,0,0,"['Ø§Ù„Ù‡Ù†Ø¯', 'islamophobia', 'islamophobia_in_india', 'hindutvaterrorists']",[],https://twitter.com/TrueStriver_X/status/1493877001630851072,False,https://twitter.com/dpkBopanna/status/1493858201447837698,0,,,,,,,,[],,,,
1493876962728857601,1493876951764901888,2022-02-16 14:46:37 India Standard Time,2022-02-16,14:46:37,+0530,1254168868785979392,meatrice3,Meat_rice,,"sunday prayers in peace without being disrupted, priests are being beaten up. People need to speak up against the Islamophobia and Christianophobia that is happening in India. People deserves to have rights to practice their religions without getting beaten up!",en,[],[],[],0,0,0,[],[],https://twitter.com/Meatrice3/status/1493876962728857601,False,,0,,,,,,,,[],,,,
1493876951764901888,1493876951764901888,2022-02-16 14:46:34 India Standard Time,2022-02-16,14:46:34,+0530,1254168868785979392,meatrice3,Meat_rice,,I haven't seen many people talk about the situation that is happening in India right now. Muslims are being oppressed in their own country and the Islamophobia have grown a lot! Hindu leaders openly called for genocide against Muslims at a three day religious summit held in -  https://t.co/j50Qq36Ion,en,[],[],['https://pbs.twimg.com/media/FLtK2YKWUAI3IHt.jpg'],1,0,0,[],[],https://twitter.com/Meatrice3/status/1493876951764901888,False,,1,https://pbs.twimg.com/media/FLtK2YKWUAI3IHt.jpg,,,,,,,[],,,,
1493876857237917701,1493876827982606341,2022-02-16 14:46:12 India Standard Time,2022-02-16,14:46:12,+0530,1133725056608100352,pelancongtua,PESTA SPEKULAN DI LAHAN IKN-Sontoloyo,,2) Ironi #Keangkuhan_Kekuasaan #Khalifah_Islamophobia ? #Bengis_Ganas_Eeh_Cuma_Kroni  Karbitan [ Bagong  jadi Sultan ]  Perlambang #Kolaps_Krn_KKN  https://t.co/u52REkbVPC,in,[],[],"['https://pbs.twimg.com/media/FLtREURWYAArm6n.jpg', 'https://pbs.twimg.com/media/FLtRE4fWYAEdiNG.jpg']",1,0,0,"['keangkuhan_kekuasaan', 'khalifah_islamophobia', 'bengis_ganas_eeh_cuma_kroni', 'kolaps_krn_kkn']",[],https://twitter.com/PelancongTua/status/1493876857237917701,False,,1,https://pbs.twimg.com/media/FLtREURWYAArm6n.jpg,,,,,,,[],,,,
1493876744268365825,1493876744268365825,2022-02-16 14:45:45 India Standard Time,2022-02-16,14:45:45,+0530,1232435940196540417,truestriver_x,ğŸMalcolm XğŸ,,#Ø§Ù„Ù‡Ù†Ø¯  #Islamophobia #islamophobia_in_india #HandsOffMyHijab #HijabisOurFaith,und,[],[],[],0,0,0,"['Ø§Ù„Ù‡Ù†Ø¯', 'islamophobia', 'islamophobia_in_india', 'handsoffmyhijab', 'hijabisourfaith']",[],https://twitter.com/TrueStriver_X/status/1493876744268365825,False,https://twitter.com/KeypadGuerilla/status/1493820545494044673,0,,,,,,,,[],,,,
1493876688131801092,1493876688131801092,2022-02-16 14:45:31 India Standard Time,2022-02-16,14:45:31,+0530,1232435940196540417,truestriver_x,ğŸMalcolm XğŸ,,#Ø§Ù„Ù‡Ù†Ø¯  #Islamophobia #islamophobia_in_india #HandsOffMyHijab #HijabisOurFaith,und,[],[],[],0,0,0,"['Ø§Ù„Ù‡Ù†Ø¯', 'islamophobia', 'islamophobia_in_india', 'handsoffmyhijab', 'hijabisourfaith']",[],https://twitter.com/TrueStriver_X/status/1493876688131801092,False,https://twitter.com/KeypadGuerilla/status/1493820389264596995,0,,,,,,,,[],,,,
1493876553217982465,1493838372825141249,2022-02-16 14:44:59 India Standard Time,2022-02-16,14:44:59,+0530,1193082275359084545,iamhereforit1,Punkjabi Ø¨ğŸ’š,,"@JaneNewson Who knows but as you pointed out, thereâ€™s been an intense &amp; sustained islamophobia campaign spanning over decades [centuries Tbh] now.   Be easy on yourself. When I watched the super bowlâ€™s halftime show &amp; they had black flags, my heart dropped. ISIS came to mind.",en,[],[],[],1,0,1,[],[],https://twitter.com/Iamhereforit1/status/1493876553217982465,False,,0,,,,,,,,"[{'screen_name': 'JaneNewson', 'name': 'Jane all covid mitigationsğŸ’™she/theyğŸ’š', 'id': '938663832'}]",,,,
1493876459844292612,1493876459844292612,2022-02-16 14:44:37 India Standard Time,2022-02-16,14:44:37,+0530,386437055,kinganad,BigTime,,We must work together in defeating the bigotry which fuels Islamophobia in the world,en,[],[],[],0,0,0,[],[],https://twitter.com/KingANAD/status/1493876459844292612,False,,0,,,,,,,,[],,,,
1493876410704097282,1493615701717762048,2022-02-16 14:44:25 India Standard Time,2022-02-16,14:44:25,+0530,1473562270055628805,hamzafa21149877,Hamza Farooqui,,@MogalAadil yes well done counter islamophobia with sexism.,en,[],[],[],0,0,0,[],[],https://twitter.com/HamzaFa21149877/status/1493876410704097282,False,,0,,,,,,,,"[{'screen_name': 'MogalAadil', 'name': 'Ø¹Ø§Ø¯Ù„ Ù…ØºÙ„ ğŸ‡µğŸ‡¸', 'id': '1054721542909771776'}]",,,,
1493876205203898370,1493876205203898370,2022-02-16 14:43:36 India Standard Time,2022-02-16,14:43:36,+0530,386437055,kinganad,BigTime,,"A lot of people are hella quiet when it comes to Islam and Muslims countries where people are being deined their rights, the hidden Islamophobia is real #HijabisOurRight",en,[],[],[],0,0,0,['hijabisourright'],[],https://twitter.com/KingANAD/status/1493876205203898370,False,,0,,,,,,,,[],,,,
1493876158697721858,1493829660270264321,2022-02-16 14:43:25 India Standard Time,2022-02-16,14:43:25,+0530,1292787127021760514,amrizkyramadhan,Andi Muhammad Rizky Ramadhan,,"@budimandjatmiko Kalau saya bukan islamophobia , tapi teologiphobia , kenapa karena sekarang untuk masalah beragama campur tangan individu terhadap orang lain terlalu masif sehingga mencederai keyakinan yg mestinya dipahami dan di tempuh oleh pribadi seseorang",in,[],[],[],1,0,0,[],[],https://twitter.com/AMRizkyRamadhan/status/1493876158697721858,False,,0,,,,,,,,"[{'screen_name': 'budimandjatmiko', 'name': 'Budiman Sudjatmiko (IG: masbud_sudjatmiko)', 'id': '183217247'}]",,,,
1493876112631287810,1493876112631287810,2022-02-16 14:43:14 India Standard Time,2022-02-16,14:43:14,+0530,1232435940196540417,truestriver_x,ğŸMalcolm XğŸ,,#Ø§Ù„Ù‡Ù†Ø¯  #Islamophobia #islamophobia_in_india #HindutvaTerrorists,und,[],[],[],0,0,0,"['Ø§Ù„Ù‡Ù†Ø¯', 'islamophobia', 'islamophobia_in_india', 'hindutvaterrorists']",[],https://twitter.com/TrueStriver_X/status/1493876112631287810,False,https://twitter.com/Article14live/status/1493808631183478787,0,,,,,,,,[],,,,
1493876077030252544,1493876077030252544,2022-02-16 14:43:06 India Standard Time,2022-02-16,14:43:06,+0530,1109400161875300352,hilalbarin,Hilal BarÄ±n,,Congratulations to Zara Mohammed @ZaraM01 for a great speech at Ä°nternational Seminar on Human Rights Violations Faced By Muslims   #HumanRights  #Muslims  #Islamophobia  https://t.co/KPSsWtFV1w,en,"[{'screen_name': 'zaram01', 'name': 'zara mohammed', 'id': '557919180'}]",[],['https://pbs.twimg.com/media/FLtQXaTXMAEOREO.jpg'],0,0,1,"['humanrights', 'muslims', 'islamophobia']",[],https://twitter.com/hilalbarin/status/1493876077030252544,False,,1,https://pbs.twimg.com/media/FLtQXaTXMAEOREO.jpg,,,,,,,[],,,,
1493875867197616130,1493875867197616130,2022-02-16 14:42:16 India Standard Time,2022-02-16,14:42:16,+0530,315079443,fugstarnagar,FluctuatingVoltmeter,,Dhaka's seculibtard matrix boiling in its pi$$ that a US Embassy staffer pushed an appreciation of Poet AlMahmud on its Facebook page. #bangladeshat50 are we going to talk about this useless NGOat suckling group's #islamophobia and extinguishing it or what?,en,[],[],[],1,0,1,"['bangladeshat50', 'islamophobia']",[],https://twitter.com/Fugstarnagar/status/1493875867197616130,False,,0,,,,,,,,[],,,,
1493875858678763524,1493875858678763524,2022-02-16 14:42:14 India Standard Time,2022-02-16,14:42:14,+0530,1232435940196540417,truestriver_x,ğŸMalcolm XğŸ,,#Ø§Ù„Ù‡Ù†Ø¯  #Islamophobia #islamophobia_in_india #HandsOffMyHijab #HijabisOurFaith  #HindutvaTerrorists,und,[],[],[],0,0,0,"['Ø§Ù„Ù‡Ù†Ø¯', 'islamophobia', 'islamophobia_in_india', 'handsoffmyhijab', 'hijabisourfaith', 'hindutvaterrorists']",[],https://twitter.com/TrueStriver_X/status/1493875858678763524,False,https://twitter.com/RubinaAfaqueIND/status/1493812516816027656,0,,,,,,,,[],,,,
1493875793667051521,1493875793667051521,2022-02-16 14:41:58 India Standard Time,2022-02-16,14:41:58,+0530,1232435940196540417,truestriver_x,ğŸMalcolm XğŸ,,#Ø§Ù„Ù‡Ù†Ø¯  #Islamophobia #islamophobia_in_india #HandsOffMyHijab #HijabisOurFaith,und,[],[],[],0,0,0,"['Ø§Ù„Ù‡Ù†Ø¯', 'islamophobia', 'islamophobia_in_india', 'handsoffmyhijab', 'hijabisourfaith']",[],https://twitter.com/TrueStriver_X/status/1493875793667051521,False,https://twitter.com/AshrafFem/status/1493806035961724932,0,,,,,,,,[],,,,
1493875691288666112,1493837768304123904,2022-02-16 14:41:34 India Standard Time,2022-02-16,14:41:34,+0530,2849520678,md__farhaan,Farhaan ÙØ±Ø­Ø§Ù†,,@AshrafFem @sachingupta787 Islamophobia is rampant in the police department.,en,[],[],[],0,0,0,[],[],https://twitter.com/Md__Farhaan/status/1493875691288666112,False,,0,,,,,,,,"[{'screen_name': 'AshrafFem', 'name': 'Ashraf Hussain', 'id': '1957958478'}, {'screen_name': 'sachingupta787', 'name': 'Sachin Gupta', 'id': '1961677478'}]",,,,
1493875434819244032,1493829660270264321,2022-02-16 14:40:33 India Standard Time,2022-02-16,14:40:33,+0530,911202417454104577,makancabe,ğŸ‡®ğŸ‡©Dua periode terbaik Indonesia ğŸ‡®ğŸ‡©,,"@budimandjatmiko Ustad dan ulama makin byk, mualaf juga makin byk, bahkan RG aja ada sudah dianggap sebagai alUstad nya kadrun, terus dimana islamophobia nya. ğŸ˜‚",in,[],[],[],0,0,0,[],[],https://twitter.com/makancabe/status/1493875434819244032,False,,0,,,,,,,,"[{'screen_name': 'budimandjatmiko', 'name': 'Budiman Sudjatmiko (IG: masbud_sudjatmiko)', 'id': '183217247'}]",,,,
